{
    "precision": 0.3889908256880734,
    "recall": 0.022032459771707688,
    "f1_score": 0.04170286707211121,
    "iou": 0.02129547471162378
}